Naam,Image,FileName,URL
Achtkarspelen,2.1,Achtkarspelen-2-1.svg,https://n-guy-en.github.io/WarmteAtlas-SVG/images/Achtkarspelen/Achtkarspelen-2-1.svg
Achtkarspelen,2.2,Achtkarspelen-2-2.svg,https://n-guy-en.github.io/WarmteAtlas-SVG/images/Achtkarspelen/Achtkarspelen-2-2.svg
Achtkarspelen,2.3,Achtkarspelen-2-3.svg,https://n-guy-en.github.io/WarmteAtlas-SVG/images/Achtkarspelen/Achtkarspelen-2-3.svg
Achtkarspelen,2.4,Achtkarspelen-2-4.svg,https://n-guy-en.github.io/WarmteAtlas-SVG/images/Achtkarspelen/Achtkarspelen-2-4.svg
Achtkarspelen,2.5,Achtkarspelen-2-5.svg,https://n-guy-en.github.io/WarmteAtlas-SVG/images/Achtkarspelen/Achtkarspelen-2-5.svg
Achtkarspelen,2.6,Achtkarspelen-2-6.svg,https://n-guy-en.github.io/WarmteAtlas-SVG/images/Achtkarspelen/Achtkarspelen-2-6.svg
Achtkarspelen,2.7,Achtkarspelen-2-7.svg,https://n-guy-en.github.io/WarmteAtlas-SVG/images/Achtkarspelen/Achtkarspelen-2-7.svg
Ameland,2.1,Ameland-2-1.svg,https://n-guy-en.github.io/WarmteAtlas-SVG/images/Ameland/Ameland-2-1.svg
Ameland,2.2,Ameland-2-2.svg,https://n-guy-en.github.io/WarmteAtlas-SVG/images/Ameland/Ameland-2-2.svg
Ameland,2.3,Ameland-2-3.svg,https://n-guy-en.github.io/WarmteAtlas-SVG/images/Ameland/Ameland-2-3.svg
Ameland,2.4,Ameland-2-4.svg,https://n-guy-en.github.io/WarmteAtlas-SVG/images/Ameland/Ameland-2-4.svg
Ameland,2.5,Ameland-2-5.svg,https://n-guy-en.github.io/WarmteAtlas-SVG/images/Ameland/Ameland-2-5.svg
Ameland,2.6,Ameland-2-6.svg,https://n-guy-en.github.io/WarmteAtlas-SVG/images/Ameland/Ameland-2-6.svg
Ameland,2.7,Ameland-2-7.svg,https://n-guy-en.github.io/WarmteAtlas-SVG/images/Ameland/Ameland-2-7.svg
Bronnen,Bronnen-Bronnen-Methodiek,Bronnen-Bronnen-Methodiek.svg,https://n-guy-en.github.io/WarmteAtlas-SVG/images/Bronnen/Bronnen-Bronnen-Methodiek.svg
Dantumadiel,2.1,Dantumadiel-2-1.svg,https://n-guy-en.github.io/WarmteAtlas-SVG/images/Dantumadiel/Dantumadiel-2-1.svg
Dantumadiel,2.2,Dantumadiel-2-2.svg,https://n-guy-en.github.io/WarmteAtlas-SVG/images/Dantumadiel/Dantumadiel-2-2.svg
Dantumadiel,2.3,Dantumadiel-2-3.svg,https://n-guy-en.github.io/WarmteAtlas-SVG/images/Dantumadiel/Dantumadiel-2-3.svg
Dantumadiel,2.4,Dantumadiel-2-4.svg,https://n-guy-en.github.io/WarmteAtlas-SVG/images/Dantumadiel/Dantumadiel-2-4.svg
Dantumadiel,2.5,Dantumadiel-2-5.svg,https://n-guy-en.github.io/WarmteAtlas-SVG/images/Dantumadiel/Dantumadiel-2-5.svg
Dantumadiel,2.6,Dantumadiel-2-6.svg,https://n-guy-en.github.io/WarmteAtlas-SVG/images/Dantumadiel/Dantumadiel-2-6.svg
Dantumadiel,2.7,Dantumadiel-2-7.svg,https://n-guy-en.github.io/WarmteAtlas-SVG/images/Dantumadiel/Dantumadiel-2-7.svg
De Fryske Marren,2.1,De-Fryske-Marren-2-1.svg,https://n-guy-en.github.io/WarmteAtlas-SVG/images/De-Fryske-Marren/De-Fryske-Marren-2-1.svg
De Fryske Marren,2.2,De-Fryske-Marren-2-2.svg,https://n-guy-en.github.io/WarmteAtlas-SVG/images/De-Fryske-Marren/De-Fryske-Marren-2-2.svg
De Fryske Marren,2.3,De-Fryske-Marren-2-3.svg,https://n-guy-en.github.io/WarmteAtlas-SVG/images/De-Fryske-Marren/De-Fryske-Marren-2-3.svg
De Fryske Marren,2.4,De-Fryske-Marren-2-4.svg,https://n-guy-en.github.io/WarmteAtlas-SVG/images/De-Fryske-Marren/De-Fryske-Marren-2-4.svg
De Fryske Marren,2.5,De-Fryske-Marren-2-5.svg,https://n-guy-en.github.io/WarmteAtlas-SVG/images/De-Fryske-Marren/De-Fryske-Marren-2-5.svg
De Fryske Marren,2.6,De-Fryske-Marren-2-6.svg,https://n-guy-en.github.io/WarmteAtlas-SVG/images/De-Fryske-Marren/De-Fryske-Marren-2-6.svg
De Fryske Marren,2.7,De-Fryske-Marren-2-7.svg,https://n-guy-en.github.io/WarmteAtlas-SVG/images/De-Fryske-Marren/De-Fryske-Marren-2-7.svg
Gemeenten,gemeenten-selectie,gemeenten-selectie.svg,https://n-guy-en.github.io/WarmteAtlas-SVG/images/Gemeenten/gemeenten-selectie.svg
Harlingen,2.1,Harlingen-2-1.svg,https://n-guy-en.github.io/WarmteAtlas-SVG/images/Harlingen/Harlingen-2-1.svg
Harlingen,2.2,Harlingen-2-2.svg,https://n-guy-en.github.io/WarmteAtlas-SVG/images/Harlingen/Harlingen-2-2.svg
Harlingen,2.3,Harlingen-2-3.svg,https://n-guy-en.github.io/WarmteAtlas-SVG/images/Harlingen/Harlingen-2-3.svg
Harlingen,2.4,Harlingen-2-4.svg,https://n-guy-en.github.io/WarmteAtlas-SVG/images/Harlingen/Harlingen-2-4.svg
Harlingen,2.5,Harlingen-2-5.svg,https://n-guy-en.github.io/WarmteAtlas-SVG/images/Harlingen/Harlingen-2-5.svg
Harlingen,2.6,Harlingen-2-6.svg,https://n-guy-en.github.io/WarmteAtlas-SVG/images/Harlingen/Harlingen-2-6.svg
Harlingen,2.7,Harlingen-2-7.svg,https://n-guy-en.github.io/WarmteAtlas-SVG/images/Harlingen/Harlingen-2-7.svg
Heerenveen,2.1,Heerenveen-2-1.svg,https://n-guy-en.github.io/WarmteAtlas-SVG/images/Heerenveen/Heerenveen-2-1.svg
Heerenveen,2.2,Heerenveen-2-2.svg,https://n-guy-en.github.io/WarmteAtlas-SVG/images/Heerenveen/Heerenveen-2-2.svg
Heerenveen,2.3,Heerenveen-2-3.svg,https://n-guy-en.github.io/WarmteAtlas-SVG/images/Heerenveen/Heerenveen-2-3.svg
Heerenveen,2.4,Heerenveen-2-4.svg,https://n-guy-en.github.io/WarmteAtlas-SVG/images/Heerenveen/Heerenveen-2-4.svg
Heerenveen,2.5,Heerenveen-2-5.svg,https://n-guy-en.github.io/WarmteAtlas-SVG/images/Heerenveen/Heerenveen-2-5.svg
Heerenveen,2.6,Heerenveen-2-6.svg,https://n-guy-en.github.io/WarmteAtlas-SVG/images/Heerenveen/Heerenveen-2-6.svg
Heerenveen,2.7,Heerenveen-2-7.svg,https://n-guy-en.github.io/WarmteAtlas-SVG/images/Heerenveen/Heerenveen-2-7.svg
Leeuwarden,2.1,Leeuwarden-2-1.svg,https://n-guy-en.github.io/WarmteAtlas-SVG/images/Leeuwarden/Leeuwarden-2-1.svg
Leeuwarden,2.2,Leeuwarden-2-2.svg,https://n-guy-en.github.io/WarmteAtlas-SVG/images/Leeuwarden/Leeuwarden-2-2.svg
Leeuwarden,2.3,Leeuwarden-2-3.svg,https://n-guy-en.github.io/WarmteAtlas-SVG/images/Leeuwarden/Leeuwarden-2-3.svg
Leeuwarden,2.4,Leeuwarden-2-4.svg,https://n-guy-en.github.io/WarmteAtlas-SVG/images/Leeuwarden/Leeuwarden-2-4.svg
Leeuwarden,2.5,Leeuwarden-2-5.svg,https://n-guy-en.github.io/WarmteAtlas-SVG/images/Leeuwarden/Leeuwarden-2-5.svg
Leeuwarden,2.6,Leeuwarden-2-6.svg,https://n-guy-en.github.io/WarmteAtlas-SVG/images/Leeuwarden/Leeuwarden-2-6.svg
Leeuwarden,2.7,Leeuwarden-2-7.svg,https://n-guy-en.github.io/WarmteAtlas-SVG/images/Leeuwarden/Leeuwarden-2-7.svg
Noardeast-Fryslan,2.1,Noardeast-Fryslan-2-1.svg,https://n-guy-en.github.io/WarmteAtlas-SVG/images/Noardeast-Fryslan/Noardeast-Fryslan-2-1.svg
Noardeast-Fryslan,2.2,Noardeast-Fryslan-2-2.svg,https://n-guy-en.github.io/WarmteAtlas-SVG/images/Noardeast-Fryslan/Noardeast-Fryslan-2-2.svg
Noardeast-Fryslan,2.3,Noardeast-Fryslan-2-3.svg,https://n-guy-en.github.io/WarmteAtlas-SVG/images/Noardeast-Fryslan/Noardeast-Fryslan-2-3.svg
Noardeast-Fryslan,2.4,Noardeast-Fryslan-2-4.svg,https://n-guy-en.github.io/WarmteAtlas-SVG/images/Noardeast-Fryslan/Noardeast-Fryslan-2-4.svg
Noardeast-Fryslan,2.5,Noardeast-Fryslan-2-5.svg,https://n-guy-en.github.io/WarmteAtlas-SVG/images/Noardeast-Fryslan/Noardeast-Fryslan-2-5.svg
Noardeast-Fryslan,2.6,Noardeast-Fryslan-2-6.svg,https://n-guy-en.github.io/WarmteAtlas-SVG/images/Noardeast-Fryslan/Noardeast-Fryslan-2-6.svg
Noardeast-Fryslan,2.7,Noardeast-Fryslan-2-7.svg,https://n-guy-en.github.io/WarmteAtlas-SVG/images/Noardeast-Fryslan/Noardeast-Fryslan-2-7.svg
Ooststellingwerf,2.1,Ooststellingwerf-2-1.svg,https://n-guy-en.github.io/WarmteAtlas-SVG/images/Ooststellingwerf/Ooststellingwerf-2-1.svg
Ooststellingwerf,2.2,Ooststellingwerf-2-2.svg,https://n-guy-en.github.io/WarmteAtlas-SVG/images/Ooststellingwerf/Ooststellingwerf-2-2.svg
Ooststellingwerf,2.3,Ooststellingwerf-2-3.svg,https://n-guy-en.github.io/WarmteAtlas-SVG/images/Ooststellingwerf/Ooststellingwerf-2-3.svg
Ooststellingwerf,2.4,Ooststellingwerf-2-4.svg,https://n-guy-en.github.io/WarmteAtlas-SVG/images/Ooststellingwerf/Ooststellingwerf-2-4.svg
Ooststellingwerf,2.5,Ooststellingwerf-2-5.svg,https://n-guy-en.github.io/WarmteAtlas-SVG/images/Ooststellingwerf/Ooststellingwerf-2-5.svg
Ooststellingwerf,2.6,Ooststellingwerf-2-6.svg,https://n-guy-en.github.io/WarmteAtlas-SVG/images/Ooststellingwerf/Ooststellingwerf-2-6.svg
Ooststellingwerf,2.7,Ooststellingwerf-2-7.svg,https://n-guy-en.github.io/WarmteAtlas-SVG/images/Ooststellingwerf/Ooststellingwerf-2-7.svg
Opsterland,2.1,Opsterland-2-1.svg,https://n-guy-en.github.io/WarmteAtlas-SVG/images/Opsterland/Opsterland-2-1.svg
Opsterland,2.2,Opsterland-2-2.svg,https://n-guy-en.github.io/WarmteAtlas-SVG/images/Opsterland/Opsterland-2-2.svg
Opsterland,2.3,Opsterland-2-3.svg,https://n-guy-en.github.io/WarmteAtlas-SVG/images/Opsterland/Opsterland-2-3.svg
Opsterland,2.4,Opsterland-2-4.svg,https://n-guy-en.github.io/WarmteAtlas-SVG/images/Opsterland/Opsterland-2-4.svg
Opsterland,2.5,Opsterland-2-5.svg,https://n-guy-en.github.io/WarmteAtlas-SVG/images/Opsterland/Opsterland-2-5.svg
Opsterland,2.6,Opsterland-2-6.svg,https://n-guy-en.github.io/WarmteAtlas-SVG/images/Opsterland/Opsterland-2-6.svg
Opsterland,2.7,Opsterland-2-7.svg,https://n-guy-en.github.io/WarmteAtlas-SVG/images/Opsterland/Opsterland-2-7.svg
Provinciale overzicht,1.1,Provinciale-overzicht-1-1.svg,https://n-guy-en.github.io/WarmteAtlas-SVG/images/Provinciale-overzicht/Provinciale-overzicht-1-1.svg
Provinciale overzicht,1.2,Provinciale-overzicht-1-2.svg,https://n-guy-en.github.io/WarmteAtlas-SVG/images/Provinciale-overzicht/Provinciale-overzicht-1-2.svg
Provinciale overzicht,1.3,Provinciale-overzicht-1-3.svg,https://n-guy-en.github.io/WarmteAtlas-SVG/images/Provinciale-overzicht/Provinciale-overzicht-1-3.svg
Provinciale overzicht,1.4,Provinciale-overzicht-1-4.svg,https://n-guy-en.github.io/WarmteAtlas-SVG/images/Provinciale-overzicht/Provinciale-overzicht-1-4.svg
Provinciale overzicht,1.5,Provinciale-overzicht-1-5.svg,https://n-guy-en.github.io/WarmteAtlas-SVG/images/Provinciale-overzicht/Provinciale-overzicht-1-5.svg
Provinciale overzicht,1.6,Provinciale-overzicht-1-6.svg,https://n-guy-en.github.io/WarmteAtlas-SVG/images/Provinciale-overzicht/Provinciale-overzicht-1-6.svg
Provinciale overzicht,1.7,Provinciale-overzicht-1-7.svg,https://n-guy-en.github.io/WarmteAtlas-SVG/images/Provinciale-overzicht/Provinciale-overzicht-1-7.svg
Schiermonnikoog,2.1,Schiermonnikoog-2-1.svg,https://n-guy-en.github.io/WarmteAtlas-SVG/images/Schiermonnikoog/Schiermonnikoog-2-1.svg
Schiermonnikoog,2.2,Schiermonnikoog-2-2.svg,https://n-guy-en.github.io/WarmteAtlas-SVG/images/Schiermonnikoog/Schiermonnikoog-2-2.svg
Schiermonnikoog,2.3,Schiermonnikoog-2-3.svg,https://n-guy-en.github.io/WarmteAtlas-SVG/images/Schiermonnikoog/Schiermonnikoog-2-3.svg
Schiermonnikoog,2.4,Schiermonnikoog-2-4.svg,https://n-guy-en.github.io/WarmteAtlas-SVG/images/Schiermonnikoog/Schiermonnikoog-2-4.svg
Schiermonnikoog,2.5,Schiermonnikoog-2-5.svg,https://n-guy-en.github.io/WarmteAtlas-SVG/images/Schiermonnikoog/Schiermonnikoog-2-5.svg
Schiermonnikoog,2.6,Schiermonnikoog-2-6.svg,https://n-guy-en.github.io/WarmteAtlas-SVG/images/Schiermonnikoog/Schiermonnikoog-2-6.svg
Schiermonnikoog,2.7,Schiermonnikoog-2-7.svg,https://n-guy-en.github.io/WarmteAtlas-SVG/images/Schiermonnikoog/Schiermonnikoog-2-7.svg
Smallingerland,2.1,Smallingerland-2-1.svg,https://n-guy-en.github.io/WarmteAtlas-SVG/images/Smallingerland/Smallingerland-2-1.svg
Smallingerland,2.2,Smallingerland-2-2.svg,https://n-guy-en.github.io/WarmteAtlas-SVG/images/Smallingerland/Smallingerland-2-2.svg
Smallingerland,2.3,Smallingerland-2-3.svg,https://n-guy-en.github.io/WarmteAtlas-SVG/images/Smallingerland/Smallingerland-2-3.svg
Smallingerland,2.4,Smallingerland-2-4.svg,https://n-guy-en.github.io/WarmteAtlas-SVG/images/Smallingerland/Smallingerland-2-4.svg
Smallingerland,2.5,Smallingerland-2-5.svg,https://n-guy-en.github.io/WarmteAtlas-SVG/images/Smallingerland/Smallingerland-2-5.svg
Smallingerland,2.6,Smallingerland-2-6.svg,https://n-guy-en.github.io/WarmteAtlas-SVG/images/Smallingerland/Smallingerland-2-6.svg
Smallingerland,2.7,Smallingerland-2-7.svg,https://n-guy-en.github.io/WarmteAtlas-SVG/images/Smallingerland/Smallingerland-2-7.svg
Sudwest-Fryslan,2.1,Sudwest-Fryslan-2-1.svg,https://n-guy-en.github.io/WarmteAtlas-SVG/images/Sudwest-Fryslan/Sudwest-Fryslan-2-1.svg
Sudwest-Fryslan,2.2,Sudwest-Fryslan-2-2.svg,https://n-guy-en.github.io/WarmteAtlas-SVG/images/Sudwest-Fryslan/Sudwest-Fryslan-2-2.svg
Sudwest-Fryslan,2.3,Sudwest-Fryslan-2-3.svg,https://n-guy-en.github.io/WarmteAtlas-SVG/images/Sudwest-Fryslan/Sudwest-Fryslan-2-3.svg
Sudwest-Fryslan,2.4,Sudwest-Fryslan-2-4.svg,https://n-guy-en.github.io/WarmteAtlas-SVG/images/Sudwest-Fryslan/Sudwest-Fryslan-2-4.svg
Sudwest-Fryslan,2.5,Sudwest-Fryslan-2-5.svg,https://n-guy-en.github.io/WarmteAtlas-SVG/images/Sudwest-Fryslan/Sudwest-Fryslan-2-5.svg
Sudwest-Fryslan,2.6,Sudwest-Fryslan-2-6.svg,https://n-guy-en.github.io/WarmteAtlas-SVG/images/Sudwest-Fryslan/Sudwest-Fryslan-2-6.svg
Sudwest-Fryslan,2.7,Sudwest-Fryslan-2-7.svg,https://n-guy-en.github.io/WarmteAtlas-SVG/images/Sudwest-Fryslan/Sudwest-Fryslan-2-7.svg
Terschelling,2.1,Terschelling-2-1.svg,https://n-guy-en.github.io/WarmteAtlas-SVG/images/Terschelling/Terschelling-2-1.svg
Terschelling,2.2,Terschelling-2-2.svg,https://n-guy-en.github.io/WarmteAtlas-SVG/images/Terschelling/Terschelling-2-2.svg
Terschelling,2.3,Terschelling-2-3.svg,https://n-guy-en.github.io/WarmteAtlas-SVG/images/Terschelling/Terschelling-2-3.svg
Terschelling,2.4,Terschelling-2-4.svg,https://n-guy-en.github.io/WarmteAtlas-SVG/images/Terschelling/Terschelling-2-4.svg
Terschelling,2.5,Terschelling-2-5.svg,https://n-guy-en.github.io/WarmteAtlas-SVG/images/Terschelling/Terschelling-2-5.svg
Terschelling,2.6,Terschelling-2-6.svg,https://n-guy-en.github.io/WarmteAtlas-SVG/images/Terschelling/Terschelling-2-6.svg
Terschelling,2.7,Terschelling-2-7.svg,https://n-guy-en.github.io/WarmteAtlas-SVG/images/Terschelling/Terschelling-2-7.svg
Tytsjerksteradiel,2.1,Tytsjerksteradiel-2-1.svg,https://n-guy-en.github.io/WarmteAtlas-SVG/images/Tytsjerksteradiel/Tytsjerksteradiel-2-1.svg
Tytsjerksteradiel,2.2,Tytsjerksteradiel-2-2.svg,https://n-guy-en.github.io/WarmteAtlas-SVG/images/Tytsjerksteradiel/Tytsjerksteradiel-2-2.svg
Tytsjerksteradiel,2.3,Tytsjerksteradiel-2-3.svg,https://n-guy-en.github.io/WarmteAtlas-SVG/images/Tytsjerksteradiel/Tytsjerksteradiel-2-3.svg
Tytsjerksteradiel,2.4,Tytsjerksteradiel-2-4.svg,https://n-guy-en.github.io/WarmteAtlas-SVG/images/Tytsjerksteradiel/Tytsjerksteradiel-2-4.svg
Tytsjerksteradiel,2.5,Tytsjerksteradiel-2-5.svg,https://n-guy-en.github.io/WarmteAtlas-SVG/images/Tytsjerksteradiel/Tytsjerksteradiel-2-5.svg
Tytsjerksteradiel,2.6,Tytsjerksteradiel-2-6.svg,https://n-guy-en.github.io/WarmteAtlas-SVG/images/Tytsjerksteradiel/Tytsjerksteradiel-2-6.svg
Tytsjerksteradiel,2.7,Tytsjerksteradiel-2-7.svg,https://n-guy-en.github.io/WarmteAtlas-SVG/images/Tytsjerksteradiel/Tytsjerksteradiel-2-7.svg
Vlieland,2.1,Vlieland-2-1.svg,https://n-guy-en.github.io/WarmteAtlas-SVG/images/Vlieland/Vlieland-2-1.svg
Vlieland,2.2,Vlieland-2-2.svg,https://n-guy-en.github.io/WarmteAtlas-SVG/images/Vlieland/Vlieland-2-2.svg
Vlieland,2.3,Vlieland-2-3.svg,https://n-guy-en.github.io/WarmteAtlas-SVG/images/Vlieland/Vlieland-2-3.svg
Vlieland,2.4,Vlieland-2-4.svg,https://n-guy-en.github.io/WarmteAtlas-SVG/images/Vlieland/Vlieland-2-4.svg
Vlieland,2.5,Vlieland-2-5.svg,https://n-guy-en.github.io/WarmteAtlas-SVG/images/Vlieland/Vlieland-2-5.svg
Vlieland,2.6,Vlieland-2-6.svg,https://n-guy-en.github.io/WarmteAtlas-SVG/images/Vlieland/Vlieland-2-6.svg
Vlieland,2.7,Vlieland-2-7.svg,https://n-guy-en.github.io/WarmteAtlas-SVG/images/Vlieland/Vlieland-2-7.svg
Waadhoeke,2.1,Waadhoeke-2-1.svg,https://n-guy-en.github.io/WarmteAtlas-SVG/images/Waadhoeke/Waadhoeke-2-1.svg
Waadhoeke,2.2,Waadhoeke-2-2.svg,https://n-guy-en.github.io/WarmteAtlas-SVG/images/Waadhoeke/Waadhoeke-2-2.svg
Waadhoeke,2.3,Waadhoeke-2-3.svg,https://n-guy-en.github.io/WarmteAtlas-SVG/images/Waadhoeke/Waadhoeke-2-3.svg
Waadhoeke,2.4,Waadhoeke-2-4.svg,https://n-guy-en.github.io/WarmteAtlas-SVG/images/Waadhoeke/Waadhoeke-2-4.svg
Waadhoeke,2.5,Waadhoeke-2-5.svg,https://n-guy-en.github.io/WarmteAtlas-SVG/images/Waadhoeke/Waadhoeke-2-5.svg
Waadhoeke,2.6,Waadhoeke-2-6.svg,https://n-guy-en.github.io/WarmteAtlas-SVG/images/Waadhoeke/Waadhoeke-2-6.svg
Waadhoeke,2.7,Waadhoeke-2-7.svg,https://n-guy-en.github.io/WarmteAtlas-SVG/images/Waadhoeke/Waadhoeke-2-7.svg
Warmtecluster,3.1,Warmtecluster-3-1.svg,https://n-guy-en.github.io/WarmteAtlas-SVG/images/Warmtecluster/Warmtecluster-3-1.svg
Warmtecluster,3.2,Warmtecluster-3-2.svg,https://n-guy-en.github.io/WarmteAtlas-SVG/images/Warmtecluster/Warmtecluster-3-2.svg
Warmtecluster,3.3,Warmtecluster-3-3.svg,https://n-guy-en.github.io/WarmteAtlas-SVG/images/Warmtecluster/Warmtecluster-3-3.svg
Warmtecluster,3.4,Warmtecluster-3-4.svg,https://n-guy-en.github.io/WarmteAtlas-SVG/images/Warmtecluster/Warmtecluster-3-4.svg
Warmtecluster,3.5,Warmtecluster-3-5.svg,https://n-guy-en.github.io/WarmteAtlas-SVG/images/Warmtecluster/Warmtecluster-3-5.svg
Warmtecluster,3.6,Warmtecluster-3-6.svg,https://n-guy-en.github.io/WarmteAtlas-SVG/images/Warmtecluster/Warmtecluster-3-6.svg
Warmtecluster,3.7,Warmtecluster-3-7.svg,https://n-guy-en.github.io/WarmteAtlas-SVG/images/Warmtecluster/Warmtecluster-3-7.svg
Warmtecluster,3.8,Warmtecluster-3-8.svg,https://n-guy-en.github.io/WarmteAtlas-SVG/images/Warmtecluster/Warmtecluster-3-8.svg
Weststellingwerf,2.1,Weststellingwerf-2-1.svg,https://n-guy-en.github.io/WarmteAtlas-SVG/images/Weststellingwerf/Weststellingwerf-2-1.svg
Weststellingwerf,2.2,Weststellingwerf-2-2.svg,https://n-guy-en.github.io/WarmteAtlas-SVG/images/Weststellingwerf/Weststellingwerf-2-2.svg
Weststellingwerf,2.3,Weststellingwerf-2-3.svg,https://n-guy-en.github.io/WarmteAtlas-SVG/images/Weststellingwerf/Weststellingwerf-2-3.svg
Weststellingwerf,2.4,Weststellingwerf-2-4.svg,https://n-guy-en.github.io/WarmteAtlas-SVG/images/Weststellingwerf/Weststellingwerf-2-4.svg
Weststellingwerf,2.5,Weststellingwerf-2-5.svg,https://n-guy-en.github.io/WarmteAtlas-SVG/images/Weststellingwerf/Weststellingwerf-2-5.svg
Weststellingwerf,2.6,Weststellingwerf-2-6.svg,https://n-guy-en.github.io/WarmteAtlas-SVG/images/Weststellingwerf/Weststellingwerf-2-6.svg
Weststellingwerf,2.7,Weststellingwerf-2-7.svg,https://n-guy-en.github.io/WarmteAtlas-SVG/images/Weststellingwerf/Weststellingwerf-2-7.svg
